{
  "customkeys":{
    "A":"Z",
    "B":"X",
    "X":"ESCAPE",
    "Y":"D",
    "L1":"D",
    "L2":"D",
    "R1":"D",
    "R2":"D",
    "LeftDpad":"LEFT",
    "RightDpad":"RIGHT",
    "UpDpad":"UP",
    "DownDpad":"DOWN",
    "Start":"RETURN",
    "Select":"D",
    "Menu":"D"
  },
  "mouse":{
    "scaleFactor":1,
    "acceleration":4.0,
    "accelerationRate":1.5,
    "maxAcceleration":4.0,
    "incrementModifier":1.0
  },
  "performance":{
    "cpuclock":1200,
    "cpuclockincrement":25,
    "maxcpu":1700,
    "mincpu":600
  },
  "bezel":{
    "current_bezel":0,
    "current_integer_bezel":0,
    "bezel_path":"\/mnt\/SDCARD\/Emus\/PICO\/PICO8_Wrapper\/res\/bezel\/standard",
    "digit_path":"\/mnt\/SDCARD\/Emus\/PICO\/PICO8_Wrapper\/res\/digit",
    "bezel_int_path":"\/mnt\/SDCARD\/Emus\/PICO\/PICO8_Wrapper\/res\/bezel\/integer_scaled"
  }
}